MAE,MSE,RMSE
14.471706521922135,285.56963436169804,16.898805708146895
